1461776414.78 , 17
1461776414.84 , 17
1461776414.91 , 20
1461776414.97 , 20
1461776415.04 , 17
1461776415.11 , 18
1461776415.17 , 21
1461776415.24 , 19
1461776415.3 , 18
1461776415.37 , 19
1461776415.43 , 20
1461776415.5 , 17
1461776415.56 , 17
1461776415.63 , 20
1461776415.7 , 19
1461776415.76 , 17
1461776415.83 , 19
1461776415.89 , 20
1461776415.96 , 17
1461776416.02 , 17
1461776416.09 , 20
1461776416.16 , 20
1461776416.22 , 18
1461776416.29 , 18
1461776416.35 , 21
1461776416.42 , 18
1461776416.48 , 17
1461776416.55 , 19
1461776416.61 , 21
1461776416.68 , 17
1461776416.75 , 17
1461776416.81 , 20
1461776416.88 , 19
1461776416.94 , 17
1461776417.01 , 19
1461776417.07 , 21
1461776417.14 , 17
1461776417.21 , 19
1461776417.27 , 21
1461776417.34 , 18
1461776417.4 , 16
1461776417.47 , 19
1461776417.54 , 19
1461776417.6 , 17
1461776417.67 , 19
1461776417.73 , 20
1461776417.8 , 18
1461776417.87 , 17
1461776417.93 , 20
1461776418.0 , 19
1461776418.06 , 17
1461776418.13 , 19
1461776418.2 , 19
1461776418.28 , 19
1461776418.36 , 20
1461776418.43 , 18
1461776418.51 , 18
1461776418.58 , 19
1461776418.66 , 20
1461776418.74 , 20
1461776418.81 , 20
1461776418.89 , 18
1461776418.97 , 19
1461776419.04 , 20
1461776419.12 , 20
1461776419.2 , 20
1461776419.27 , 18
1461776419.35 , 19
1461776419.42 , 19
1461776419.5 , 20
1461776419.58 , 20
1461776419.65 , 19
1461776419.73 , 18
1461776419.81 , 19
1461776419.88 , 20
1461776419.96 , 21
1461776420.04 , 20
1461776420.11 , 18
1461776420.19 , 18
1461776420.26 , 19
1461776420.34 , 20
1461776420.42 , 20
1461776420.49 , 19
1461776420.57 , 18
1461776420.65 , 18
1461776420.72 , 20
1461776420.8 , 20
1461776420.87 , 20
1461776420.95 , 18
1461776421.03 , 18
1461776421.1 , 19
1461776421.18 , 20
1461776421.26 , 20
1461776421.33 , 18
1461776421.41 , 18
1461776421.49 , 19
1461776421.56 , 20
1461776421.64 , 20
1461776421.71 , 20
1461776421.79 , 18
1461776421.87 , 19
1461776421.94 , 20
1461776422.02 , 20
1461776422.1 , 20
1461776422.17 , 19
1461776422.25 , 18
1461776422.33 , 19
1461776422.4 , 20
1461776422.48 , 20
1461776422.55 , 19
1461776422.63 , 19
1461776422.71 , 19
1461776422.78 , 20
1461776422.86 , 20
1461776422.94 , 20
1461776423.01 , 18
1461776423.09 , 18
1461776423.17 , 19
1461776423.24 , 20
1461776423.32 , 20
1461776423.4 , 19
1461776423.47 , 18
1461776423.55 , 19
1461776423.62 , 20
1461776423.7 , 21
1461776423.78 , 20
1461776423.85 , 18
1461776423.93 , 18
1461776424.01 , 18
1461776424.08 , 20
1461776424.16 , 20
1461776424.24 , 19
1461776424.31 , 18
1461776424.39 , 19
1461776424.46 , 20
1461776424.54 , 21
1461776424.62 , 21
1461776424.69 , 18
1461776424.77 , 17
1461776424.85 , 19
1461776424.92 , 20
1461776425.0 , 20
1461776425.07 , 19
1461776425.15 , 18
1461776425.23 , 18
1461776425.3 , 19
1461776425.38 , 20
1461776425.46 , 20
1461776425.53 , 18
1461776425.61 , 19
1461776425.69 , 19
1461776425.76 , 20
1461776425.84 , 20
1461776425.91 , 18
1461776425.99 , 18
1461776426.07 , 19
1461776426.14 , 20
1461776426.22 , 20
1461776426.3 , 19
1461776426.37 , 19
1461776426.45 , 19
1461776426.53 , 20
1461776426.6 , 20
1461776426.68 , 19
1461776426.75 , 18
1461776426.83 , 18
1461776426.91 , 19
1461776426.98 , 20
1461776427.06 , 20
1461776427.14 , 19
1461776427.21 , 18
1461776427.29 , 19
1461776427.37 , 20
1461776427.44 , 20
1461776427.52 , 20
1461776427.59 , 18
1461776427.67 , 18
1461776427.75 , 18
1461776427.82 , 20
1461776427.9 , 20
1461776427.98 , 19
1461776428.05 , 18
1461776428.13 , 18
1461776428.21 , 20
1461776428.28 , 20
1461776428.36 , 20
1461776428.44 , 19
1461776428.52 , 18
1461776428.59 , 18
1461776428.67 , 18
1461776428.75 , 20
1461776428.82 , 20
1461776428.9 , 20
1461776428.97 , 17
1461776429.05 , 20
1461776429.13 , 19
1461776429.2 , 20
1461776429.28 , 20
1461776429.36 , 19
